VC,Vendor,Source
,,MEPoC
,,MEPoC
,,MEPoC
,Campus 1,MEPoC
,Campus 41,MEPoC
0,,MEPoC
0,0,MEPoC
101050,,MEPoC
10263,PRATT & WHITNEY AUTOAIR INC.,MEPoC
10503,,MEPoC
10621,,MEPoC
11015,PARADIGM ORILLIA TECHNOLOGY INC.,MEPoC
11550,"KAYDON RING & SEAL, INC.",MEPoC
12075,LEESTA INDUSTRIES LIMITED,MEPoC
1228,,MEPoC
1228,0,MEPoC
12555,,MEPoC
12569,,MEPoC
12580,,MEPoC
12580,0,MEPoC
13,Integrally Bladed,MEPoC
13469,Mesotc,MEPoC
13469,MESOTEC INC.,MEPoC
13469,Mesotech,MEPoC
13529,MEYER TOOL INC.,MEPoC
13606,,MEPoC
13606,0,MEPoC
13633,MERIDEN MFG INC,MEPoC
15165,NETUR INC,MEPoC
15518,,MEPoC
15518,0,MEPoC
15546,VITAL ENGINEERED COMPONENTS COMPANY,MEPoC
15577,NEW HAMPSHIRE BALL BRGS INC.,MEPoC
15618,NICHOLSONS SEALING TECHNOLOGIES LTD,MEPoC
16948,PRATT & WHITNEY KALISZ SP Z O O,MEPoC
16948,PRATT & WHITNEY KALISZ SP. Z.O.O.,MEPoC
17150,PRECI-SPARK LTD,MEPoC
17233,PRATT & WHITNEY RZESZOW S.A.,MEPoC
17524,,MEPoC
17524,0,MEPoC
17526,PRATT & WHITNEY,MEPoC
17560,PEGASUS MANUFACTURING,MEPoC
17600,PROJECTS INC,MEPoC
17747,,MEPoC
17747,0,MEPoC
1779,,MEPoC
1779,0,MEPoC
18105,QUELOZ & ASSOCIES INC.,MEPoC
1895,SKF,MEPoC
1895,SKF AEROENGINE FRANCE VALENCIENNES,MEPoC
19573,,MEPoC
19573,0,MEPoC
1975,,MEPoC
1975,0,MEPoC
20135,A.T.L.A.S. AERONAUTIK INC.,MEPoC
20545,,MEPoC
20545,0,MEPoC
20582,SMALLEY STEEL,MEPoC
20608,,MEPoC
20608,0,MEPoC
20639,0,MEPoC
20698,ENJET AERO MANCHESTER LLC.,MEPoC
20724,,MEPoC
21632,RBC TRANSPORT DYNAMICS,MEPoC
21663,,MEPoC
21663,0,MEPoC
23153,VESTSHELL INC,MEPoC
23520,,MEPoC
24511,0,MEPoC
24517,,MEPoC
24540,,MEPoC
24540,0,MEPoC
2560,,MEPoC
27,Combustion Liner,MEPoC
27767,,MEPoC
30,Turbine Disc,MEPoC
31041,ABIPA CANADA INC.,MEPoC
3348,,MEPoC
3348,0,MEPoC
3506,,MEPoC
3564,0,MEPoC
3631,,MEPoC
3652,CARMEL FORGE,MEPoC
4115,KENNAMETAL STELLITE INC.,MEPoC
4172,,MEPoC
4272,,MEPoC
4272,0,MEPoC
43135,,MEPoC
43309,MTU AERO ENGINES AG,MEPoC
4478,,MEPoC
45,Turbine Disc,MEPoC
4524,"COLLINS ENGINE NOZZLES, INC.",MEPoC
49,Covers & Housing,MEPoC
49009,,MEPoC
4908,,MEPoC
52,Halifax Blades,MEPoC
600001,,MEPoC
600001,0,MEPoC
600022,0,MEPoC
60340,,MEPoC
6081,SCHAEFFLER AEROSPACE CANADA INC,MEPoC
6101,FORGES DE BOLOGNE,MEPoC
6101,LISI AEROSPACE FORGED INTEGRATED,MEPoC
61434,,MEPoC
6182,FORGED SOLUTIONS GROUP LIMITED,MEPoC
62817,,MEPoC
62817,0,MEPoC
63010,AECC SOUTH INDUSTRY COMPANY LIMITED,MEPoC
63051,,MEPoC
65039,,MEPoC
65588,,MEPoC
6559,F&B MANUFACTURING CO.,MEPoC
65853,,MEPoC
66145,,MEPoC
6617,SAINT-GOBAIN PERFORMANCE PLASTICS,MEPoC
6627,GE AVIO S.R.L,MEPoC
66471,,MEPoC
700057,SOUTH PRATT & WHITNEY AERO-ENGINE,MEPoC
700057,SOUTH PRATT & WHITNEY AERO-ENGINES,MEPoC
700398,Pratt & Whitney AeroTech,MEPoC
701445,MAGNETIC SEAL CORP.,MEPoC
701473,,MEPoC
701473,0,MEPoC
702407,,MEPoC
702407,0,MEPoC
702463,"WYMAN - GORDON LTD., U.K.",MEPoC
702966,,MEPoC
702966,0,MEPoC
703086,MEYER CANADA INC.,MEPoC
703201,,MEPoC
703421,FACC OPERATIONS GMBH,MEPoC
704598,,MEPoC
704954,,MEPoC
704954,0,MEPoC
704982,GROUPE MELOCHE INC,MEPoC
711721,TOLERANCE MASTERS,MEPoC
712018,EDCO ENGINEERING,MEPoC
712382,ALP HAVACILIK,MEPoC
714003,,MEPoC
714338,TIMKEN (CHENGDU) AEROSPACE & PRECIS,MEPoC
715468,STEIN SEAL COMPANY,MEPoC
715693,MB AEROSPACE RZESZOW SP Z O.O.,MEPoC
717021,MAGELLAN AEROSPACE (TUMKUR),MEPoC
717092,0,MEPoC
717461,PMI ENGINEERING EXPORTS PVT.LTD,MEPoC
717750,IMPRO AEROTEK LIMITED,MEPoC
717930,CROSS MANUFACTURING CO (1938) LTD,MEPoC
718044,,MEPoC
718044,UNIMET D.O.O.,MEPoC
718635,ATI ZKM FORGING SP.Z O.O,MEPoC
718978,,MEPoC
718978,PRATT AND WHITNEY TUBES SP.Z.O.O.,MEPoC
719087,MBFZ-TOOLCRAFT GMBH,MEPoC
719169,Titan,MEPoC
719169,TITAN ENGINEERING & AUTOMATION,MEPoC
719295,AIRTOMIC,MEPoC
719349,APN INC.,MEPoC
719658,,MEPoC
719675,,MEPoC
719675,0,MEPoC
720027,,MEPoC
720027,0,MEPoC
720294,,MEPoC
720297,,MEPoC
720377,,MEPoC
720449,0,MEPoC
720449,Hi Tech,MEPoC
720467,EATON CORPORATION,MEPoC
720849,REXNORD INDUSTRIES LLC,MEPoC
720974,,MEPoC
721019,"HOOSIER SPRING CO., INC.",MEPoC
721080,,MEPoC
721080,0,MEPoC
721236,,MEPoC
721236,0,MEPoC
721324,,MEPoC
722434,"INDUSTRIA DE TURBO PROPULSORES, S.A",MEPoC
722576,0,MEPoC
723049,PORVAIR FILTRATION GROUP LTD,MEPoC
723055,0,MEPoC
723079,0,MEPoC
723100,,MEPoC
723137,HANWHA AEROSPACE CO. LTD.,MEPoC
723852,,MEPoC
724596,EPTAM PLASTICS LTD.,MEPoC
724798,POLAMER PRECISION INC,MEPoC
724835,,MEPoC
725709,INDO-MIM LTD,MEPoC
725709,INDO-MIM PVT LTD,MEPoC
726036,,MEPoC
726036,0,MEPoC
726332,KAWASAKI HEAVY INDUSTRIES LTD,MEPoC
727130,SENIOR AEROSPACE (THAILAND) LIMITED,MEPoC
727214,MECACHROME AERONAUTICA,MEPoC
727824,SERMP (GROUPE LPF),MEPoC
729138,,MEPoC
729138,0,MEPoC
7506,,MEPoC
8070,AEROSPATIALE HEMMINGFORD INC,MEPoC
8554,SAINT-GOBAIN PERFORMANCE PLASTICS C,MEPoC
8556,,MEPoC
8717,,MEPoC
9526,BLADES TECHNOLOGY LTD,MEPoC
13,Campus 1,MRA
15,Campus 1,MRA
17233,PWR,MRA
18,Campus 1,MRA
24,Campus 1,MRA
30,Campus 1,MRA
45,Campus 1,MRA
4524,Collins Aerospace,MRA
49,Campus 1,MRA
704422,MEYER TOOL INC.,MRA
723137 (800045),Hanwha Aero Engines (Vietnam),MRA
800045,HANWHA AERO ENGINES,MRA
8554,Saint-Gobain Performance Plastic,MRA
4,,PPAP
5,,PPAP
13,,PPAP
15,,PPAP
16,,PPAP
18,,PPAP
22,,PPAP
24,,PPAP
29,,PPAP
30,,PPAP
36,,PPAP
38,,PPAP
44,,PPAP
45,,PPAP
49,,PPAP
51,,PPAP
52,,PPAP
57,,PPAP
67,,PPAP
68,,PPAP
83,,PPAP
84,,PPAP
85,,PPAP
1008,,PPAP
1228,FREUDENBERG-NOK INC,PPAP
1295,,PPAP
1513,AGC INCORPORATED,PPAP
1754,AMETEK AEROSPACE,PPAP
1779,BOEING DISTRIBUTION SERVICES INC.,PPAP
1895,SKF AEROENGINE FRANCE VALENCIENNES,PPAP
1975,ALLEN AIRCRAFT PRODUCTS INC,PPAP
2262,MAGELLAN AEROSPACE LIMITED,PPAP
2540,TECHNETICS CORPORATION,PPAP
2560,"UNISON INDUSTRIES INC., FLORIDA",PPAP
2572,HUTCHINSON AEROSPACE & INDUSTRY INC,PPAP
3299,HOWMET LAVAL CASTING DIV. OF,PPAP
3348,"SKF AEROSPACE, SEALING SOLUTIONS",PPAP
3540,CONTOUR FORMING INC,PPAP
3564,CHAMPION AEROSPACE LLC,PPAP
3631,CONTROLEX MECHANICAL CONTROLS,PPAP
3652,CARMEL FORGE,PPAP
4164,GOODRICH CONTROL SYSTEMS,PPAP
4172,MEGGITT AEROSPACE LIMITED,PPAP
4272,ABB INSTALLATION PRODUCTS LIMITED,PPAP
4348,DESIGNED PRECISION CASTINGS INC.,PPAP
4524,"COLLINS ENGINE NOZZLES, INC.",PPAP
4601,PARADIGM MANCHESTER INC.,PPAP
4908,SAFRAN ELECTRONICS & DEFENSE,PPAP
5351,CRANE AEROSPACE INC,PPAP
5675,E.I. DUPONT DE NEMOURS & CO.,PPAP
6081,SCHAEFFLER AEROSPACE CANADA INC,PPAP
6101,FORGES DE BOLOGNE,PPAP
6182,FORGED SOLUTIONS GROUP LIMITED,PPAP
6559,F&B MANUFACTURING CO.,PPAP
6617,SAINT-GOBAIN PERFORMANCE PLASTICS,PPAP
6627,GE AVIO S.R.L,PPAP
7506,GLENAIR INC.,PPAP
7547,"MB AEROSPACE WARREN, LLC",PPAP
8070,AEROSPATIALE HEMMINGFORD INC,PPAP
8517,"HAMILTON SUNDSTRAND, WINDSOR LOCKS",PPAP
8547,CONSOLIDATED PRECISION PRODUCTS,PPAP
8549,OECO,PPAP
8554,SAINT-GOBAIN HYCOMP LLC,PPAP
8556,HYDRA-ELECTRIC COMPANY,PPAP
8717,AMETEK HUGHES-TREITLER,PPAP
9526,BLADES TECHNOLOGY LTD,PPAP
10263,PRATT & WHITNEY AUTOAIR INC.,PPAP
11015,PARADIGM ORILLIA TECHNOLOGY INC.,PPAP
11524,,PPAP
11550,"KAYDON RING & SEAL, INC. A WHOLLY OWNED SUBSIDIARY OF SKF USA INC.",PPAP
12075,LEESTA INDUSTRIES LIMITED,PPAP
12138,MAGELLAN AEROSPACE HALEY,PPAP
12510,ATI LADISH LLC,PPAP
12544,CHARLES E. LARSON AND SONS INC,PPAP
12555,SMITHS TUBULAR SYSTEMS LACONIA INC,PPAP
12797,MITSUBISHI HEAVY IND. AERO ENG. LTD,PPAP
13403,MITCHELL AEROSPACE INC.,PPAP
13469,MESOTEC INC.,PPAP
13529,MEYER TOOL INC.,PPAP
13558,"HOWMET CORPORATION, WHITEHALL-MISCO",PPAP
13606,"FRANK MURKEN PRODUCTS, INC.",PPAP
13633,MERIDEN MFG INC,PPAP
13660,MILLER CASTINGS,PPAP
13663,MIBA GLEITLAGER AUSTRIA GMBH,PPAP
15165,NETUR INC,PPAP
15518,NORWICH AERO PRODUCTS INC,PPAP
15546,VITAL ENGINEERED COMPONENTS COMPANY,PPAP
15558,PARKER GAS TURBINE FUEL,PPAP
15618,NICHOLSONS SEALING TECHNOLOGIES LTD,PPAP
16215,TECNO TESSILE ADLER S.R.L AVIOCOST S.P.A,PPAP
16501,DRT AEROSPACE LLC WINSTED,PPAP
16713,PRATT & WHITNEY GEORGIA,PPAP
16948,PRATT & WHITNEY KALISZ SP. Z.O.O.,PPAP
16955,MEGGITT (ERLANGER) LLC DBA MEGGITT POLYMERS & COMPOSITES,PPAP
17150,PRECI-SPARK LTD,PPAP
17233,PRATT & WHITNEY RZESZOW S.A.,PPAP
17524,PALL AEROPOWER CORPORATION,PPAP
17526,PRATT & WHITNEY,PPAP
17560,PEGASUS MANUFACTURING,PPAP
17600,PROJECTS INC,PPAP
17738,PARKER HANNIFIN CORPORATION,PPAP
17747,EATON CORPORATION,PPAP
18105,QUELOZ & ASSOCIES INC.,PPAP
19460,ROSEMOUNT AEROSPACE INC.,PPAP
19543,"HOWMET CORP. , WHITEHALL-BENSTON | THERMATECH",PPAP
19573,RECCO PRODUCTS INC.,PPAP
19602,,PPAP
19686,SOCIETE RATIER FIGEAC,PPAP
20135,A.T.L.A.S. AERONAUTIK INC.,PPAP
20545,PARKER AEROSPACE GAS TURBINE FUEL,PPAP
20582,SMALLEY STEEL,PPAP
20608,HARCOSEMCO LLC,PPAP
20639,MEGGITT (TROY) INC,PPAP
20698,ENJET AERO MANCHESTER LLC.,PPAP
20724,TIMKEN AEROSPACE,PPAP
21513,"PCC AIRFOILS INC., DOUGLAS DIVISION",PPAP
21538,THERMAL STRUCTURES INC.,PPAP
21565,"EATON AEROSPACE, TODECO",PPAP
21632,RBC TRANSPORT DYNAMICS,PPAP
21663,TA AEROSPACE CO,PPAP
21737,PCC AIRFOILS INC.MINERVA,PPAP
23153,VESTSHELL INC,PPAP
23520,,PPAP
24511,WOODWARD INC,PPAP
24540,WAYNE WIRE CLOTH PRODUCTS INC,PPAP
24558,WELLMAN DYNAMICS CORP,PPAP
27767,SERVOTRONICS INC.,PPAP
29501,"HOWMET CORPORATION, LAPORTE",PPAP
29506,"HOWMET CORP. , WHITEHALL S. WARNER",PPAP
29554,"EATON AEROQUIP CORPORATION, JACKSON",PPAP
31041,ABIPA CANADA INC.,PPAP
33190,HOWMET GEORGETOWN CASTINGS,PPAP
43135,HS MARSTON AEROSPACE LTD,PPAP
43309,MTU AERO ENGINES AG,PPAP
60340,"PARKER HANNIFIN CORP., FORT WORTH",PPAP
60699,,PPAP
61434,HONEYWELL HARDWARE PRODUCT,PPAP
62817,BLANC AERO INDUSTRIES,PPAP
63010,AECC SOUTH INDUSTRY COMPANY LIMITED,PPAP
63051,COMTEK ADVANCED STRUCTURES LTD.,PPAP
64796,HITCHINER MANUFACTURING CO.INC.,PPAP
65588,P&WC COMPONENT REPAIRS (WICHITA FAL,PPAP
65853,HIREL CONNECTORS INC,PPAP
600022,PRATT & WHITNEY CANADA (PL22) A&T PLANT 22,PPAP
700057,SOUTH PRATT & WHITNEY AERO-ENGINES,PPAP
700398,PRATT & WHITNEY AEROTECH,PPAP
700906,FOKKER ELMO BV,PPAP
701103,PCC - SCHLOSSER,PPAP
701362,MAGELLAN AEROSPACE GLENDALE INC,PPAP
701445,MAGNETIC SEAL CORP.,PPAP
701473,"ALIGN AEROSPACE CANADA, ULC",PPAP
701979,,PPAP
702055,WALBAR LLC,PPAP
702095,WELDMAC MFG. COMPANY,PPAP
702202,SL MONTEVIDEO TECHNOLOGY INC,PPAP
702407,PRATT & WHITNEY,PPAP
702463,"WYMAN - GORDON LTD., U.K.",PPAP
702559,TECHNOLOGY APPLICATIONS GROUP INC,PPAP
702966,AUXITROL S.A.,PPAP
703086,MEYER CANADA INC.,PPAP
703201,"POLSKIE ZAKLADY LOTNICZE,",PPAP
703204,"MEGGITT SAFETY SYSTEMS, INC.",PPAP
703421,FACC OPERATIONS GMBH,PPAP
703436,MACCHI HUREL-DUBOIS S.A.S.,PPAP
703666,CS COMMUNICATIONS & SYSTEMS,PPAP
704291,VAC AERO INTERNATIONAL INC.,PPAP
704954,FREUDENBERG-NOK SEALING TECHNOLOGIES,PPAP
704982,GROUPE MELOCHE INC,PPAP
710920,WHITCRAFT LLC,PPAP
710969,MODERN INDUSTRIES,PPAP
711721,TOLERANCE MASTERS,PPAP
712018,EDCO ENGINEERING,PPAP
712035,HAMILTON SUNDSTRAND (PHOENIX),PPAP
712036,HAMILTON STANDARD CANADA,PPAP
712067,"TRIUMPH ENGINE CONTROL SYSTEMS, LLC",PPAP
712163,SAFRAN VENTILATION SYSTEMS,PPAP
712175,NEXTEAM ARUDY FOUNDRY,PPAP
712310,O'FALLON CASTING,PPAP
712363,WOODWARD INC,PPAP
712382,ALP HAVACILIK,PPAP
713107,MEYER TOOL POLAND SP Z O O,PPAP
713277,PNEUDRAULICS INC,PPAP
713400,PHOENIX COMPOSITE SOLUTION LLC,PPAP
714003,LINREAD NORTHBRIDGE LEICESTER,PPAP
714508,SENIOR AEROSPACE KETEMA,PPAP
715468,STEIN SEAL COMPANY,PPAP
715561,,PPAP
715693,MB AEROSPACE RZESZOW SP Z O.O.,PPAP
716286,TEST DEVICES INC,PPAP
716368,,PPAP
716653,XI'AN XAE FLYING AVIATION MFG,PPAP
717021,MAGELLAN AEROSPACE (TUMKUR) PRIVATE LIMITED,PPAP
717092,DRUCK LTD GE SENSING,PPAP
717461,PMI ENGINEERING EXPORTS PVT.LTD,PPAP
717598,JEP PRECISION ENGINEERING PTE LTD,PPAP
717750,IMPRO AEROSPACE COMPONENTS (WUXI),PPAP
717842,BOMCO INC,PPAP
717930,CROSS MANUFACTURING CO (1938) LTD,PPAP
718044,UNIMET D.O.O.,PPAP
718083,QINGDAO AERO INVESTMENT CASTING CO,PPAP
718484,IMPRO AEROSPACE COMPONENTS (WUXI) CO.LTD,PPAP
718635,ATI ZKM FORGING SP.Z O.O,PPAP
718810,WYMAN GORDON PENNSYLVANIA LLC (TF),PPAP
718826,ADVANCED COATING TECHNOLOGIES,PPAP
718978,PRATT AND WHITNEY TUBES SP.Z.O.O.,PPAP
719087,MBFZ-TOOLCRAFT GMBH,PPAP
719088,,PPAP
719169,TITAN ENGINEERING & AUTOMATION,PPAP
719295,AIRTOMIC,PPAP
719349,APN INC.,PPAP
719373,,PPAP
719530,RAM COMPANY,PPAP
719658,HS KALISZ SP. Z.O.O.,PPAP
719675,BOEING DISTRIBUTION SERVICES INC.,PPAP
720027,PRATT & WHITNEY,PPAP
720239,,PPAP
720252,"INDUSTRIA DE TUBERIAS AERONAUTICAS,",PPAP
720294,GREENE TWEED & CO,PPAP
720297,AVICA AEROSPACE DUCTING LIMITED,PPAP
720449,"HI-TECH MOLD & TOOL, INC.",PPAP
720454,THONI ALUTEC SP. Z.O.O.,PPAP
720467,EATON CORPORATION,PPAP
720849,REXNORD INDUSTRIES LLC,PPAP
720913,,PPAP
720974,HAMILTON SUNDSTRAND CORPORATION,PPAP
721019,"HOOSIER SPRING CO., INC.",PPAP
721324,HOTTINGER BRUEL & KJAER A/S,PPAP
721326,JABIL DEFENSE AND AEROSPACE SERVICE LLC,PPAP
721525,PIAGGIO AERO INDUSTRIES S.P.A,PPAP
721668,CHARDAM GEAR COMPANY,PPAP
721880,"MEGGITT (NORTH HOLLYWOOD), INC.",PPAP
722209,CALCOMP INC.,PPAP
722218,"CURTISS WRIGHT CONTROLS,",PPAP
722434,"INDUSTRIA DE TURBO PROPULSORES, S.A",PPAP
722576,QUALITY NAME PLATE INC,PPAP
722593,JANSEN'S AIRCRAFT SYST CONTROLS INC,PPAP
722848,HAMILTON SUNDSTRAND POLAND SP.ZO.O.,PPAP
722909,,PPAP
723021,UTAS AEROSTRUCTURE,PPAP
723030,UTAS WINDSOR LOCKS,PPAP
723034,PARKER HANNIFIN CORP SEAL DIV,PPAP
723036,AEROSPACE SYSTEMS AND COMPONENTS,PPAP
723044,EATON LIMITED,PPAP
723049,PORVAIR FILTRATION GROUP LTD,PPAP
723053,,PPAP
723055,WOODWARD MPC INC,PPAP
723058,ALINABAL INCORPORATED,PPAP
723060,BET SHEMESH,PPAP
723065,TRELLEBORG SEALING SOLUTIONS (COLMA,PPAP
723069,ITT AEROSPACE CONTROLS(ACOUSTIC FAB | ITT AEROSPACE CONTROLS(ACOUSTIC FAB INC),PPAP
723070,ADI AMERICAN DISTRIBUTORS LLC,PPAP
723072,AEROSPACE INDUSTRIAL DEV CORP,PPAP
723073,AIR COMPONENTS,PPAP
723074,AIRCRAFT TUBULAR COMPONENTS INC,PPAP
723079,ATC AEROSPACE,PPAP
723089,DELTA GROUP ELECTRONICS,PPAP
723095,ENDICOTT PRECISION INC,PPAP
723096,,PPAP
723097,EXCELSIOR INC,PPAP
723100,FORREST MACHINE INC,PPAP
723104,INDUSTRIA DE TUBERIAS AERONAUTICAS,PPAP
723107,JERAMES TOOL AND MFG,PPAP
723108,LEADING EDGE MANUFACTURING LLC  DBA JOINED ALLOYS,PPAP
723111,QUALITEL CORPORATION,PPAP
723112,BOYD CORPORATION (WOBURN) INC,PPAP
723115,,PPAP
723118,MOKED PRECISION INSTRUMENTS,PPAP
723130,PRECISE METAL PRODUCTS CO,PPAP
723131,PRECISION AEROSPACE LLC,PPAP
723132, PMI AEROSPACE INC,PPAP
723137,HANWHA AEROSPACE CO. LTD.,PPAP
723143,SAMS ELECTRONIC TECHNOLOGIES INC.,PPAP
723156,CELESTICA MALAYSIA SDN BHD,PPAP
723171,,PPAP
723238,XI'AN AERO ENGINE CONTROLS (AECI),PPAP
723241,QUALITY CONTROLLED MFG INC,PPAP
723432,,PPAP
723535,PRATT & WHITNEY (APU) | PRATT & WHITNEY (APU) GDC & WPB,PPAP
723763,SELMET INC,PPAP
723788,LORD CORPORATION,PPAP
723852,UNISON INDUSTRIES - SALTILLO,PPAP
723993,CONSOLIDATED PRECISION PRODUCTS,PPAP
724019,ALPHACASTING INC.,PPAP
724303,PRATT & WHITNEY ENGINE SERVICES,PPAP
724529,,PPAP
724596,EPTAM PLASTICS LTD.,PPAP
724798,POLAMER PRECISION INC,PPAP
724835,DAHER AEROSPACE SAS,PPAP
725125,ENJET AERO DAYTON INC,PPAP
725709,INDO-MIM LTD,PPAP
726034,,PPAP
726036,FOKKER ELMO (LANGFANG) ELECTRICAL SYSTEMS CO. LTD.,PPAP
726280,,PPAP
726332,KAWASAKI HEAVY INDUSTRIES LTD,PPAP
726703,HONEYWELL INTERNATIONAL INC.,PPAP
726828,THE TIMKEN COMPANY (SHILOH),PPAP
726949,"MEGGITT UTC AEROSPACE SYSTEMS, LLC",PPAP
727130,SENIOR AEROSPACE (THAILAND) LIMITED,PPAP
727148,INTEGRA-CAST INC,PPAP
727214,MECACHROME AERONAUTICA UNIPESSOAL LDA,PPAP
727598,THERMO ELECTRIC COMPANY INC.,PPAP
727824,SERMP (GROUPE LPF),PPAP
727878,HPG LP,PPAP
728253,MARTINIC ENGINEERING INC.,PPAP
728495,,PPAP
728498,PCC STRUCTURALS INC,PPAP
728621,TIGHITCO LATINOAMERICA SA DE C V,PPAP
728629,LPF CASABLANCA (GROUPE LPF),PPAP
729138,PARKER HANNIFIN CORPORATION ENGINEERED MATERIALS GROUP,PPAP
729778,GKN FOKKER ELMO INDIA PRIVATE LIMIT,PPAP
730203,WE ARE SAS,PPAP
730253,EUROCAST,PPAP
730753,PRATT & WHITNEY MAROC,PPAP
730874,FTB FASTENER TECHNOLOGY BAGLANTI,PPAP
730983,S & B INC.,PPAP
731153,LAKSHMI MACHINE WORKS LIMITED,PPAP
731243,SAM PRECISION (THAILAND) LTD,PPAP
2000318,,PPAP
2002631,,PPAP
3000258,,PPAP
3001555,,PPAP
,Campus 1,PRL
,CPP Poland,PRL
,ELWOOD TEXAS FORGE L.P.,PRL
,Hanwha SK,PRL
,Hanwha Vietnam,PRL
,Hitchener,PRL
,MED,PRL
,PRATT & WHITNEY KALISZ SP. Z.O.O.,PRL
,SAINT-GOBAIN PERFORMANCE PLASTICS C,PRL
11015,PARADIGM ORILLIA TECHNOLOGY INC.,PRL
11550,Kaydon Ring,PRL
12138,Magellan  Haley,PRL
13,Integrally bladed,PRL
13,Intergrally Bladed,PRL
13403,Mitchell Aerospace,PRL
13403,MITCHELL AEROSPACE INC.,PRL
13469,MESOTEC INC.,PRL
13529,Meyer Tool US,PRL
13660,Miller,PRL
15,Impeller,PRL
15165,NETUR INC,PRL
15618,NICHOLSONS SEALING TECHNOLOGIES LTD,PRL
16948,PRATT & WHITNEY KALISZ SP. Z.O.O.,PRL
16948,PWK,PRL
16948,PWK does machining,PRL
17233,PRATT & WHITNEY RZESZOW S.A.,PRL
1895,SKF,PRL
1895,SKF AEROENGINE FRANCE VALENCIENNES,PRL
27,Campus 1,PRL
27,Combustion Liner,PRL
45,Campus 1,PRL
4524,"COLLINS ENGINE NOZZLES, INC",PRL
49,Campus 1,PRL
52,Campus 41,PRL
52,Halifax Blades,PRL
6081,SCHAEFFLER AEROSPACE CANADA INC,PRL
6101,FORGES DE BOLOGNE,PRL
6101,Lisi (Partenay),PRL
6182,FORGED SOLUTIONS GROUP LIMITED,PRL
64796,HITCHINER MFG,PRL
6559,F&B MANUFACTURING CO.,PRL
700057,PRATT SOUTH EAST ASIA(PROD.),PRL
700057,SOUTH PRATT & WHITNEY AERO-ENGINE,PRL
704982,GROUPE MELOCHE INC.,PRL
712018,EDCO ENGINEERING,PRL
717021,MAGELLAN AEROSPACE (TUMKUR),PRL
717930,Cross,PRL
719087,MBFZ-TOOLCRAFT GMBH,PRL
719169,Titan,PRL
719169,TITAN ENGINEERING & AUTOMATION,PRL
719295,AIRTOMIC,PRL
720449,"HI-TECH MOLD & TOOL, INC.",PRL
720449,SAINT-GOBAIN PERFORMANCE PLASTICS C,PRL
720454,THONI ALUTEK,PRL
720849,REXNORD INDUSTRIES LLC,PRL
723137,Hanwha (Vietnam),PRL
723137,HANWHA AEROSPACE,PRL
723137,HANWHA AEROSPACE CO. LTD.,PRL
723993,CONSOLIDATED PRECISION PRODUCTS,PRL
726036,FOKKER ELMO ELECTRICAL,PRL
726241,ELLWOOD TEXAS FORGE L.P.,PRL
726332,KHI,PRL
727130,SENIOR AEROSPACE (THAILAND) LIMITED,PRL
8547,Ventana,PRL
8554,SAINT-GOBAIN HYCOMP LLC,PRL
A,Campus 1,PRL
Campus 1,Campus 1,PRL
CAMPUS1,Campus 1,PRL
10503,BARNES AEROSPACE-LANSING DIVISION,QNLI
11015,PARADIGM ORILLIA TECHNOLOGY INC.,QNLI
11550,"KAYDON RING & SEAL, INC.",QNLI
12075,LEESTA INDUSTRIES LIMITED,QNLI
12138,MAGELLAN AEROSPACE HALEY,QNLI
1228,FREUDENBERG-NOK INC,QNLI
12510,ATI LADISH LLC,QNLI
12544,CHARLES E. LARSON AND SONS INC,QNLI
12580,THE LEE COMPANY TECHNICAL CENTER,QNLI
13,INTEGRALLY BLADED ROTORS (IBR) PLT,QNLI
13403,MITCHELL AEROSPACE INC.,QNLI
13469,MESOTEC INC.,QNLI
13529,MEYER TOOL INC.,QNLI
13558,"HOWMET CORPORATION, WHITEHALL-MISCO",QNLI
13600,"FIRTH RIXSON INC., ROCHESTER",QNLI
13606,"FRANK MURKEN PRODUCTS, INC.",QNLI
13633,MERIDEN MFG INC,QNLI
13660,MILLER CASTINGS,QNLI
14,FAN INTEGRALLY BLADED ROTORS(IBR) P,QNLI
14504,MCWILLIAMS FORGE CO INC,QNLI
15,IMPELLER - SHAFT PLT 2,QNLI
15165,NETUR INC,QNLI
15518,NORWICH AERO PRODUCTS INC,QNLI
15546,VITAL ENGINEERED COMPONENTS COMPANY,QNLI
15618,NICHOLSONS SEALING TECHNOLOGIES LTD,QNLI
16,BLADES PLT 1,QNLI
16501,DRT AEROSPACE LLC,QNLI
1659,PCC STRUCTURALS -,QNLI
16713,PRATT & WHITNEY GEORGIA,QNLI
16948,PRATT & WHITNEY KALISZ SP Z O O,QNLI
16948,PRATT & WHITNEY KALISZ SP. Z.O.O.,QNLI
17150,PRECI-SPARK LTD,QNLI
17233,PRATT & WHITNEY RZESZOW S.A.,QNLI
17524,PALL AEROPOWER CORPORATION,QNLI
17526,PRATT & WHITNEY,QNLI
17600,PROJECTS INC,QNLI
1779,BOEING DISTRIBUTION SERVICES INC.,QNLI
18,IMPELLERS FINISHING PLT 2,QNLI
18105,QUELOZ & ASSOCIES INC.,QNLI
1895,SKF AEROENGINE FRANCE VALENCIENNES,QNLI
19,ASSEMBLY & TEST PLANT 1,QNLI
19543,"HOWMET CORP. ,  WHITEHALL-BENSTON",QNLI
19573,RECCO PRODUCTS INC.,QNLI
1975,ALLEN AIRCRAFT PRODUCTS INC,QNLI
20135,A.T.L.A.S. AERONAUTIK INC.,QNLI
20545,PARKER AEROSPACE GAS TURBINE FUEL,QNLI
20608,HARCOSEMCO LLC,QNLI
20639,MEGGITT (TROY)  INC,QNLI
20698,ENJET AERO MANCHESTER LLC.,QNLI
21513,"PCC AIRFOILS INC., DOUGLAS DIVISION",QNLI
21538,THERMAL STRUCTURES INC.,QNLI
21632,RBC TRANSPORT DYNAMICS,QNLI
21663,TA AEROSPACE CO,QNLI
21737,PCC AIRFOILS INC.MINERVA,QNLI
22,MANUFACTURING ENGRG DEVELOPM'T (MED,QNLI
23,MANUFACTURING ENGRG DEVELOPM'T (MED,QNLI
23153,VESTSHELL INC,QNLI
24,COMBUSTION LINERS SUB-ASSEMBLIES (S,QNLI
24511,WOODWARD INC,QNLI
24517,"WYMAN GORDON COMPANY, MASSACHUSETTS",QNLI
24533,"WALBAR PEABODY, LLC",QNLI
24558,WELLMAN DYNAMICS CORP,QNLI
24664,WESTON AEROSPACE LTD,QNLI
25,DETAILS (S.M.),QNLI
2560,"UNISON INDUSTRIES INC., FLORIDA",QNLI
27,COMBUSTOR LINERS (Machined),QNLI
27767,SERVOTRONICS INC.,QNLI
29501,"HOWMET CORPORATION, LAPORTE",QNLI
29507,"HOWMET CORPORATION, WICHITA FALLS",QNLI
30,TURBINE DISC (M&G),QNLI
3001821,SCHLOSSER  FORGE COMPANY,QNLI
3001827,BOEING DISTRIBUTION SERVICES INC.,QNLI
3001833,LISI AEROSPACE,QNLI
31041,ABIPA CANADA INC.,QNLI
3212,"WYMAN GORDON FORGING INC., HOUSTON",QNLI
33,GAS GENENREATOR PW100 (S.M.),QNLI
33190,HOWMET GEORGETOWN CASTINGS,QNLI
3564,CHAMPION AEROSPACE LLC,QNLI
3631,CONTROLEX MECHANICAL CONTROLS,QNLI
3652,CARMEL FORGE,QNLI
38,TURBINE DISCS,QNLI
3804,AUBERT & DUVAL,QNLI
4,Warehouse Plant 1,QNLI
4164,GOODRICH CONTROL SYSTEMS SHARED SER,QNLI
4272,ABB INSTALLATION PRODUCTS LIMITED,QNLI
43135,HS MARSTON AEROSPACE LTD,QNLI
43309,MTU AERO ENGINES AG,QNLI
4348,DESIGNED PRECISION CASTINGS INC.,QNLI
44,Turbine Disc,QNLI
45,Turbine Disc,QNLI
4524,"COLLINS ENGINE NOZZLES, INC.",QNLI
49,COVERS & HOUSING (M&G),QNLI
49009,SIRIUS INC.,QNLI
4908,WOODWARD CANADA INC.,QNLI
5,ASSEMBLY & TEST MIRABEL,QNLI
51,HALIFAX IBF,QNLI
52,HALIFAX BLADES,QNLI
57,HALIFAX CASES LINE 1,QNLI
600001,PRATT & WHITNEY CANADA (PL1),QNLI
60340,"PARKER HANNIFIN CORP., FORT  WORTH",QNLI
60424,FORGED METALS INC.,QNLI
6081,SCHAEFFLER AEROSPACE CANADA INC,QNLI
6101,FORGES DE BOLOGNE,QNLI
6101,LISI AEROSPACE FORGED INTEGRATED,QNLI
61434,HONEYWELL HARDWARE PRODUCT,QNLI
6182,FORGED SOLUTIONS GROUP LIMITED,QNLI
62817,BLANC AERO INDUSTRIES,QNLI
63010,AECC SOUTH INDUSTRY COMPANY LIMITED,QNLI
63051,COMTEK ADVANCED STRUCTURES LTD.,QNLI
64796,HITCHINER MANUFACTURING CO.INC.,QNLI
65039,HAMILTON STANDARD CANADA,QNLI
65588,P&WC COMPONENT REPAIRS,QNLI
6559,F&B MANUFACTURING CO.,QNLI
6627,GE AVIO S.R.L,QNLI
6682,KIDDE AEROSPACE / FENWAL SAFETY,QNLI
68,CMBD(Canadian Mfg Business DEVment),QNLI
70,ASSY & TEST LETHBRIDGE,QNLI
700057,SOUTH PRATT & WHITNEY AERO-ENGINE,QNLI
700057,SOUTH PRATT & WHITNEY AERO-ENGINES,QNLI
700398,PRATT & WHITNEY AEROTECH,QNLI
700906,FOKKER ELMO BV,QNLI
701244,TW METALS,QNLI
701445,MAGNETIC SEAL CORP.,QNLI
701473,"ALIGN AEROSPACE CANADA, ULC",QNLI
702055,WALBAR LLC,QNLI
702463,"WYMAN - GORDON LTD., U.K.",QNLI
702966,AUXITROL S.A.,QNLI
703201,"POLSKIE ZAKLADY LOTNICZE,",QNLI
703421,FACC OPERATIONS GMBH,QNLI
704477,HONEYWELL INTERNATIONAL INC.,QNLI
704982,GROUPE MELOCHE INC,QNLI
711721,TOLERANCE MASTERS,QNLI
712018,EDCO ENGINEERING,QNLI
712035,HAMILTON SUNDSTRAND (PHOENIX),QNLI
712067,"TRIUMPH ENGINE CONTROL SYSTEMS, LLC",QNLI
712310,O'FALLON CASTING,QNLI
712363,WOODWARD INC,QNLI
712382,ALP HAVACILIK,QNLI
713107,MEYER TOOL POLAND SP Z O O,QNLI
713276,LPI CORPORATION,QNLI
714003,LINREAD NORTHBRIDGE LEICESTER,QNLI
714338,TIMKEN (CHENGDU) AEROSPACE & PRECIS,QNLI
715468,STEIN SEAL COMPANY,QNLI
715690,NIMROD TECHNOLOGIES,QNLI
715693,MB AEROSPACE RZESZOW SP Z O.O.,QNLI
716286,TEST DEVICES INC,QNLI
717021,MAGELLAN AEROSPACE (TUMKUR),QNLI
717148,TURBINE JET LTD,QNLI
717461,PMI ENGINEERING EXPORTS PVT.LTD,QNLI
717750,IMPRO AEROTEK LIMITED,QNLI
717930,CROSS MANUFACTURING CO (1938) LTD,QNLI
718044,UNIMET D.O.O.,QNLI
718625,VIBRANT CORPORATION,QNLI
718635,ATI ZKM FORGING SP.Z O.O,QNLI
718826,ADVANCED COATING TECHNOLOGIES,QNLI
718978,PRATT AND WHITNEY TUBES SP.Z.O.O.,QNLI
719169,TITAN ENGINEERING & AUTOMATION,QNLI
719295,AIRTOMIC,QNLI
719349,APN INC.,QNLI
719658,HS KALISZ SP. Z.O.O.,QNLI
719675,BOEING DISTRIBUTION SERVICES INC.,QNLI
720027,PRATT & WHITNEY,QNLI
720297,AVICA AEROSPACE DUCTING LIMITED,QNLI
720449,"HI-TECH MOLD & TOOL, INC.",QNLI
720849,REXNORD INDUSTRIES LLC,QNLI
720974,HAMILTON SUNDSTRAND CORPORATION,QNLI
721019,"HOOSIER SPRING CO., INC.",QNLI
721236,HOWMET GLOBAL FASTENING SYSTEMS INC,QNLI
721324,HOTTINGER BRUEL & KJAER A/S,QNLI
722434,"INDUSTRIA DE TURBO PROPULSORES, S.A",QNLI
722576,QUALITY NAME PLATE INC,QNLI
723055,WOODWARD MPC INC,QNLI
723100,FORREST MACHINE INC,QNLI
723112,BOYD CORPORATION (WOBURN) INC,QNLI
723130,PRECISE METAL PRODUCTS CO,QNLI
723137,HANWHA AEROSPACE CO. LTD.,QNLI
723763,SELMET INC,QNLI
723788,LORD CORPORATION,QNLI
723993,CONSOLIDATED PRECISION PRODUCTS,QNLI
724303,PRATT & WHITNEY ENGINE SERVICES,QNLI
724798,POLAMER PRECISION INC,QNLI
724835,DAHER AEROSPACE SAS,QNLI
725709,INDO-MIM LTD,QNLI
726036,FOKKER ELMO (LANGFANG) ELECTRICAL,QNLI
726241,ELLWOOD TEXAS FORGE L.P.,QNLI
726332,KAWASAKI HEAVY INDUSTRIES LTD,QNLI
726828,THE TIMKEN COMPANY (SHILOH),QNLI
727130,SENIOR AEROSPACE (THAILAND) LIMITED,QNLI
727214,MECACHROME AERONAUTICA,QNLI
727824,SERMP (GROUPE LPF),QNLI
728498,PCC STRUCTURALS INC,QNLI
728629,LPF CASABLANCA (GROUPE LPF),QNLI
729138,PARKER HANNIFIN CORPORATION,QNLI
729778,GKN FOKKER ELMO INDIA PRIVATE LIMIT,QNLI
730753,PRATT & WHITNEY MAROC,QNLI
730989,ADEPT FASTENERS INC.,QNLI
7506,GLENAIR INC.,QNLI
7547,MB AEROSPACE WARREN LLC,QNLI
8070,AEROSPATIALE HEMMINGFORD INC,QNLI
85,NGPF Combustor,QNLI
8547,CONSOLIDATED PRECISION PRODUCTS,QNLI
8554,SAINT-GOBAIN PERFORMANCE PLASTICS C,QNLI
87,ASSY FSL 12F BOUCHERVILLE,QNLI
8717,AMETEK HUGHES-TREITLER,QNLI
88,ASSY FSL 15F MIRABEL,QNLI
90,ASSY FSL 32F LETHBRIDGE,QNLI
9526,BLADES TECHNOLOGY LTD,QNLI
98,ASSEMBLY ENG'R SUP&MODEL SHOP,QNLI
CNFAB,FAB,QNLI
CNPWC,PWC,QNLI
,Airtomic,ZNC
,Blade Campus 41,ZNC
,BTL,ZNC
,Campus 1,ZNC
,CPP,ZNC
,Halifax IBF,ZNC
,Hanwha,ZNC
,Impeller Shaft,ZNC
,Integrally Bladed Plant 1,ZNC
,Meyer Tool,ZNC
,MILLER CASTINGS,ZNC
,PWR,ZNC
